<?xml version="1.0" encoding="UTF-8"?>
<helpLines>
    <category title="$l10n_help_page_title">
		<page title="$l10n_help_page_beginning">
            <paragraph>
                <title text="$l10n_help_page_keybinds_title" />
                <text text="$l10n_help_page_keybinds_text" />
			</paragraph>
			<paragraph>
				<image filename="helpMenu/images/img_keysInfo.dds" size="512 512" uvs="1px 1px 768px 512px" aspectRatio="0.66666667"/>
			</paragraph>
			<paragraph>
				<text text="$l10n_help_page_keysInfo_text" />
			</paragraph>
			
			<paragraph>
				<title text="$l10n_help_page_HUDset_title" />
				<text text="$l10n_help_page_HUDset_text" />
			</paragraph>
        </page>
	
        <page title="$l10n_help_page_Functions" text="test">
            <paragraph>
                <title text="$l10n_help_page_startEngine_title" />
                <text text="$l10n_help_page_startEngine_text" />
			</paragraph>
			<paragraph>
				<title text="$l10n_help_page_DL_title" />
				<text text="$l10n_help_page_DLimg_text" />
				<image filename="helpMenu/images/img_HUD.dds" size="512 512" uvs="4px 0px 512px 384px" aspectRatio="0.75"/>
			</paragraph>
			<paragraph>
                <text text="$l10n_help_page_DL_text" />
			</paragraph>
			
			<paragraph>
				<title text="$l10n_help_page_AR_title" />
				<text text="$l10n_help_page_ARimg_text" />
				<image filename="helpMenu/images/img_HUD.dds" size="512 512" uvs="4px 128px 512px 384px" aspectRatio="0.75"/>
			</paragraph>
			<paragraph>
                <text text="$l10n_help_page_AR_text" />
			</paragraph>
			
			<paragraph>
				<title text="$l10n_help_page_BR_title" />
				<text text="$l10n_help_page_BRimg_text" />
				<image filename="helpMenu/images/img_HUD.dds" size="512 512" uvs="4px 128px 512px 384px" aspectRatio="0.75"/>
			</paragraph>
			<paragraph>
				<text text="$l10n_help_page_BR_text" />
			</paragraph>
			<paragraph>
				<title text="$l10n_help_page_tmsP_title" />
				<!-- <text text="$l10n_help_page_BLANK_text" /> -->
				<image filename="helpMenu/images/img_tmsP.dds" size="1024 512" uvs="4px 128px 1024px 480px" aspectRatio="0.5"/>
			</paragraph>
			<paragraph>
                <text text="$l10n_help_page_tmsP_text" />
			</paragraph>

			<paragraph>
				<title text="$l10n_help_page_HG_title" />
				<text text="$l10n_help_page_BLANK_text" />
				<image filename="helpMenu/images/img_HG.dds" size="512 512" uvs="4px 0px 512px 384px" aspectRatio="0.75"/>
			</paragraph>
			<paragraph>
                <text text="$l10n_help_page_HG_text" />
			</paragraph>
			<paragraph>
				<title text="$l10n_help_page_aDiff_title" />
				<image filename="helpMenu/images/img_aDiff.dds" size="1024 512" uvs="6px 128px 1024px 348px" aspectRatio="0.33984375"/>
			</paragraph>
			<paragraph>
                <text text="$l10n_help_page_aDiff_text" />
			</paragraph>
			<paragraph>
				<title text="$l10n_help_page_HST_title" />
                <text text="$l10n_help_page_HST_text" />
			</paragraph>
			<paragraph>
				<text text="$l10n_help_page_HST1_text" />
				<image filename="helpMenu/images/img_Var1.dds" size="512 512" uvs="4px 0px 512px 384px" aspectRatio="0.75"/>
			</paragraph>
			<paragraph>
				<text text="$l10n_help_page_HST2_text" />
				<image filename="helpMenu/images/img_Var2.dds" size="512 512" uvs="4px 0px 512px 384px" aspectRatio="0.75"/>
			</paragraph>
			<paragraph>
				<text text="$l10n_help_page_HST3_text" />
			</paragraph>
        </page>
		
        <page title="$l10n_help_page_heatSystem">
            <paragraph>
                <title text="$l10n_help_page_cold_title" />
                <text text="$l10n_help_page_cold_text" />
				<image filename="helpMenu/images/img_cold.dds" size="512 512" uvs="4px 0px 512px 256px" aspectRatio="0.51"/>
            </paragraph>
            <paragraph>
                <title text="$l10n_help_page_warnHeat_title" />
                <text text="$l10n_help_page_warnHeat_text" />
				<image filename="helpMenu/images/img_warnHeat.dds" size="512 512" uvs="4px 0px 512px 256px" aspectRatio="0.51"/>
            </paragraph>
            <paragraph>
                <title text="$l10n_help_page_warnDmg_title" />
                <text text="$l10n_help_page_warnDmg_text" />
				<image filename="helpMenu/images/img_warnDmg.dds" size="512 512" uvs="4px 0px 512px 256px" aspectRatio="0.51"/>
            </paragraph>
            <paragraph>
                <title text="$l10n_help_page_critHeat_title" />
                <text text="$l10n_help_page_critHeat_text" />
				<image filename="helpMenu/images/img_critHeat.dds" size="512 512" uvs="4px 0px 512px 256px" aspectRatio="0.51"/>
            </paragraph>
            <paragraph>
                <title text="$l10n_help_page_critDmg_title" />
                <text text="$l10n_help_page_critDmg_text" />
				<image filename="helpMenu/images/img_critDmg.dds" size="512 512" uvs="4px 0px 512px 256px" aspectRatio="0.51"/>
            </paragraph>
            <paragraph>
                <title text="$l10n_help_page_wearTear_title" />
                <text text="$l10n_help_page_wearTear_text" />
            </paragraph>
        </page>
    </category>
</helpLines>